name,email,plan_id
venkateshwaran12,venkateshftn@gmail.com,2
venkateshwaran13,venkateshftn+1@gmail.com,1
venkateshwaran14,venkateshftn+2@gmail.com,2
dsfsdf,venkateshftn+3@gmail.com,1
dsfdsf,venkateshftn+4@gmail.com,2
ewrwer,venkateshftn+5@gmail.com,2
sdf,venkateshftn+6@gmail.com,2
sdf,venkateshftn+7@gmail.com,1
dsf,venkateshftn+8@gmail.com,2
dsfsdf,venkateshftn+9@gmail.com,1
dsfdsf,venkateshftn+10@gmail.com,2
sdfdf,venkateshftn+11@gmail.com,2
sdfdf,venkateshftn+12@gmail.com,1
sdfdf,venkateshftn+13@gmail.com,1
sdfdf,venkateshftn+14@gmail.com,1
sdfdf,venkateshftn+15@gmail.com,1
sdfdf,venkateshftn+16@gmail.com,1
sdfdf,venkateshftn+17@gmail.com,1
sdfdf,venkateshftn+18@gmail.com,1
sdfdf,venkateshftn+19@gmail.com,1
sdfdf,venkateshftn+20@gmail.com,1
sdfdf,venkateshftn+21@gmail.com,1
