name,email,plan_id,,,,,,
test,demotestsiva1@email.com,1,,,,,,
test,demotestsiva2@email.com,1,,,,,,
test,demotestsiva3@email.com,1,,,,,,
test,demotestsiva4@email.com,1,,,,,,
test,demotestsiva5@email.com,1,,,,,,
test,demotestsiva6@email.com,1,,,,,,
test,demotestsiva7@email.com,1,,,,,,
test,demotestsiva8@email.com,1,,,,,,
test,demotestsiva9@email.com,1,,,,,,
test,demotestsiva10@email.com,1,,,,,,
test,demotestsiva11@email.com,1,,,,,,
test,demotestsiva12@email.com,1,,,,,,
test,demotestsiva13@email.com,1,,,,,,
test,demotestsiva14@email.com,1,,,,,,
test,demotestsiva15@email.com,1,,,,,,
test,demotestsiva16@email.com,1,,,,,,
test,demotestsiva17@email.com,1,,,,,,
test,demotestsiva18@email.com,1,,,,,,
test,demotestsiva19@email.com,1,,,,,,
test,demotestsiva20@email.com,1,,,,,,
test,demotestsiva21@email.com,1,,,,,,
test,demotestsiva22@email.com,1,,,,,,
test,demotestsiva23@email.com,1,,,,,,
test,demotestsiva24@email.com,1,,,,,,
test,demotestsiva25@email.com,1,,,,,,
test,demotestsiva26@email.com,1,,,,,,
test,demotestsiva27@email.com,1,,,,,,
test,demotestsiva28@email.com,1,,,,,,
test,demotestsiva29@email.com,1,,,,,,
test,demotestsiva30@email.com,1,,,,,,
test,demotestsiva31@email.com,1,,,,,,
test,demotestsiva32@email.com,1,,,,,,
test,demotestsiva33@email.com,1,,,,,,
test,demotestsiva34@email.com,1,,,,,,
test,demotestsiva35@email.com,1,,,,,,
test,demotestsiva36@email.com,1,,,,,,
test,demotestsiva37@email.com,1,,,,,,
test,demotestsiva38@email.com,1,,,,,,
test,demotestsiva39@email.com,1,,,,,,
test,demotestsiva40@email.com,1,,,,,,
test,demotestsiva41@email.com,1,,,,,,
test,demotestsiva42@email.com,1,,,,,,
test,demotestsiva43@email.com,1,,,,,,
test,demotestsiva44@email.com,1,,,,,,
test,demotestsiva45@email.com,1,,,,,,
test,demotestsiva46@email.com,1,,,,,,
test,demotestsiva47@email.com,1,,,,,,
test,demotestsiva48@email.com,1,,,,,,
test,demotestsiva49@email.com,1,,,,,,
test,demotestsiva50@email.com,1,,,,,,
test,demotestsiva51@email.com,1,,,,,,
test,demotestsiva52@email.com,1,,,,,,
test,demotestsiva53@email.com,1,,,,,,
test,demotestsiva54@email.com,1,,,,,,
test,demotestsiva55@email.com,1,,,,,,
test,demotestsiva56@email.com,1,,,,,,
test,demotestsiva57@email.com,1,,,,,,
test,demotestsiva58@email.com,1,,,,,,
test,demotestsiva59@email.com,1,,,,,,
test,demotestsiva60@email.com,1,,,,,,
test,demotestsiva61@email.com,1,,,,,,
test,demotestsiva62@email.com,1,,,,,,
test,demotestsiva63@email.com,1,,,,,,
test,demotestsiva64@email.com,1,,,,,,
test,demotestsiva65@email.com,1,,,,,,
test,demotestsiva66@email.com,1,,,,,,
test,demotestsiva67@email.com,1,,,,,,
test,demotestsiva68@email.com,1,,,,,,
test,demotestsiva69@email.com,1,,,,,,
test,demotestsiva70@email.com,1,,,,,,
test,demotestsiva71@email.com,1,,,,,,
test,demotestsiva72@email.com,1,,,,,,
test,demotestsiva73@email.com,1,,,,,,
test,demotestsiva74@email.com,1,,,,,,
test,demotestsiva75@email.com,1,,,,,,
test,demotestsiva76@email.com,1,,,,,,
test,demotestsiva77@email.com,1,,,,,,
test,demotestsiva78@email.com,1,,,,,,
test,demotestsiva79@email.com,1,,,,,,
test,demotestsiva80@email.com,1,,,,,,
test,demotestsiva81@email.com,1,,,,,,
test,demotestsiva82@email.com,1,,,,,,
test,demotestsiva83@email.com,1,,,,,,
test,demotestsiva84@email.com,1,,,,,,
test,demotestsiva85@email.com,1,,,,,,
test,demotestsiva86@email.com,1,,,,,,
test,demotestsiva87@email.com,1,,,,,,
test,demotestsiva88@email.com,1,,,,,,
test,demotestsiva89@email.com,1,,,,,,
test,demotestsiva90@email.com,1,,,,,,
test,demotestsiva91@email.com,1,,,,,,
test,demotestsiva92@email.com,1,,,,,,
test,demotestsiva93@email.com,1,,,,,,
test,demotestsiva94@email.com,1,,,,,,
test,demotestsiva95@email.com,1,,,,,,
test,demotestsiva96@email.com,1,,,,,,
test,demotestsiva97@email.com,1,,,,,,
test,demotestsiva98@email.com,1,,,,,,
test,demotestsiva99@email.com,1,,,,,,
test,demotestsiva100@email.com,1,,,,,,
test,demotestsiva101@email.com,1,,,,,,
test,demotestsiva102@email.com,1,,,,,,
test,demotestsiva103@email.com,1,,,,,,
test,demotestsiva104@email.com,1,,,,,,
test,demotestsiva105@email.com,1,,,,,,
test,demotestsiva106@email.com,1,,,,,,
test,demotestsiva107@email.com,1,,,,,,
test,demotestsiva108@email.com,1,,,,,,
test,demotestsiva109@email.com,1,,,,,,
test,demotestsiva110@email.com,1,,,,,,
test,demotestsiva111@email.com,1,,,,,,
test,demotestsiva112@email.com,1,,,,,,
test,demotestsiva113@email.com,1,,,,,,
test,demotestsiva114@email.com,1,,,,,,
test,demotestsiva115@email.com,1,,,,,,
test,demotestsiva116@email.com,1,,,,,,
test,demotestsiva117@email.com,1,,,,,,
test,demotestsiva118@email.com,1,,,,,,
test,demotestsiva119@email.com,1,,,,,,
test,demotestsiva120@email.com,1,,,,,,
test,demotestsiva121@email.com,1,,,,,,
test,demotestsiva122@email.com,1,,,,,,
test,demotestsiva123@email.com,1,,,,,,
test,demotestsiva124@email.com,1,,,,,,
test,demotestsiva125@email.com,1,,,,,,
test,demotestsiva126@email.com,1,,,,,,
test,demotestsiva127@email.com,1,,,,,,
test,demotestsiva128@email.com,1,,,,,,
test,demotestsiva129@email.com,1,,,,,,
test,demotestsiva130@email.com,1,,,,,,
test,demotestsiva131@email.com,1,,,,,,
test,demotestsiva132@email.com,1,,,,,,
test,demotestsiva133@email.com,1,,,,,,
test,demotestsiva134@email.com,1,,,,,,
test,demotestsiva135@email.com,1,,,,,,
test,demotestsiva136@email.com,1,,,,,,
test,demotestsiva137@email.com,1,,,,,,
test,demotestsiva138@email.com,1,,,,,,
test,demotestsiva139@email.com,1,,,,,,
test,demotestsiva140@email.com,1,,,,,,
test,demotestsiva141@email.com,1,,,,,,
test,demotestsiva142@email.com,1,,,,,,
test,demotestsiva143@email.com,1,,,,,,
test,demotestsiva144@email.com,1,,,,,,
test,demotestsiva145@email.com,1,,,,,,
test,demotestsiva146@email.com,1,,,,,,
test,demotestsiva147@email.com,1,,,,,,
test,demotestsiva148@email.com,1,,,,,,
test,demotestsiva149@email.com,1,,,,,,
test,demotestsiva150@email.com,1,,,,,,
test,demotestsiva151@email.com,1,,,,,,
test,demotestsiva152@email.com,1,,,,,,
test,demotestsiva153@email.com,1,,,,,,
test,demotestsiva154@email.com,1,,,,,,
test,demotestsiva155@email.com,1,,,,,,
test,demotestsiva156@email.com,1,,,,,,
test,demotestsiva157@email.com,1,,,,,,
test,demotestsiva158@email.com,1,,,,,,
test,demotestsiva159@email.com,1,,,,,,
test,demotestsiva160@email.com,1,,,,,,
test,demotestsiva161@email.com,1,,,,,,
test,demotestsiva162@email.com,1,,,,,,
test,demotestsiva163@email.com,1,,,,,,
test,demotestsiva164@email.com,1,,,,,,
test,demotestsiva165@email.com,1,,,,,,
test,demotestsiva166@email.com,1,,,,,,
test,demotestsiva167@email.com,1,,,,,,
test,demotestsiva168@email.com,1,,,,,,
test,demotestsiva169@email.com,1,,,,,,
test,demotestsiva170@email.com,1,,,,,,
test,demotestsiva171@email.com,1,,,,,,
test,demotestsiva172@email.com,1,,,,,,
test,demotestsiva173@email.com,1,,,,,,
test,demotestsiva174@email.com,1,,,,,,
test,demotestsiva175@email.com,1,,,,,,
test,demotestsiva176@email.com,1,,,,,,
test,demotestsiva177@email.com,1,,,,,,
test,demotestsiva178@email.com,1,,,,,,
test,demotestsiva179@email.com,1,,,,,,
test,demotestsiva180@email.com,1,,,,,,
test,demotestsiva181@email.com,1,,,,,,
test,demotestsiva182@email.com,1,,,,,,
test,demotestsiva183@email.com,1,,,,,,
test,demotestsiva184@email.com,1,,,,,,
test,demotestsiva185@email.com,1,,,,,,
test,demotestsiva186@email.com,1,,,,,,
test,demotestsiva187@email.com,1,,,,,,
test,demotestsiva188@email.com,1,,,,,,
test,demotestsiva189@email.com,1,,,,,,
test,demotestsiva190@email.com,1,,,,,,
test,demotestsiva191@email.com,1,,,,,,
test,demotestsiva192@email.com,1,,,,,,
test,demotestsiva193@email.com,1,,,,,,
test,demotestsiva194@email.com,1,,,,,,
test,demotestsiva195@email.com,1,,,,,,
test,demotestsiva196@email.com,1,,,,,,
test,demotestsiva197@email.com,1,,,,,,
test,demotestsiva198@email.com,1,,,,,,
test,demotestsiva199@email.com,1,,,,,,
test,demotestsiva200@email.com,1,,,,,,
test,demotestsiva201@email.com,1,,,,,,
test,demotestsiva202@email.com,1,,,,,,
test,demotestsiva203@email.com,1,,,,,,
test,demotestsiva204@email.com,1,,,,,,
test,demotestsiva205@email.com,1,,,,,,
test,demotestsiva206@email.com,1,,,,,,
test,demotestsiva207@email.com,1,,,,,,
test,demotestsiva208@email.com,1,,,,,,
test,demotestsiva209@email.com,1,,,,,,
test,demotestsiva210@email.com,1,,,,,,
test,demotestsiva211@email.com,1,,,,,,
test,demotestsiva212@email.com,1,,,,,,
test,demotestsiva213@email.com,1,,,,,,
test,demotestsiva214@email.com,1,,,,,,
test,demotestsiva215@email.com,1,,,,,,
test,demotestsiva216@email.com,1,,,,,,
test,demotestsiva217@email.com,1,,,,,,
test,demotestsiva218@email.com,1,,,,,,
test,demotestsiva219@email.com,1,,,,,,
test,demotestsiva220@email.com,1,,,,,,
test,demotestsiva221@email.com,1,,,,,,
test,demotestsiva222@email.com,1,,,,,,
test,demotestsiva223@email.com,1,,,,,,
test,demotestsiva224@email.com,1,,,,,,
test,demotestsiva225@email.com,1,,,,,,
test,demotestsiva226@email.com,1,,,,,,
test,demotestsiva227@email.com,1,,,,,,
test,demotestsiva228@email.com,1,,,,,,
test,demotestsiva229@email.com,1,,,,,,
test,demotestsiva229@email.com,1,,,,,,
,,,,,,,,
,,,,,,,,
,,,,,,,,
